,M1,M2,M3,M4,C2,C3,C4,Skewness,Kurtosis,Absolute_mean,Peak_value,SRV,RMS,Crest_factor,Shape_factor
0,0.0,0.025060881141197998,-0.0023429635218404714,0.004991251413779141,0.025060881141197998,-0.0023429635218404714,0.0031071081230593803,-0.590569510710627,4.9472481286799095,0.042238587727079585,0.9575653075,0.0007206529208320779,0.16384437565682913,5.844358731639429,3.8790211622484443
1,0.0,0.023743150797529065,-0.0028957603928182417,0.006336038708968591,0.023743150797529065,-0.0028957603928182417,0.004644827079585976,-0.7915076149325854,8.239348048857005,0.03989491368454021,0.9999847412109375,0.0006418498076380911,0.15916895091513916,6.282536483789975,3.989705358776579
2,0.0,0.03831488282701176,-0.003964947528398131,0.01289990604939907,0.03831488282701176,-0.003964947528398131,0.00849581531125615,-0.5286718565323406,5.787220892845584,0.039896804400126364,0.9999847412109375,0.001592539742763391,0.19976645821647263,5.005768987140602,5.007079168872981
3,0.0,0.04926274865975519,-0.004322020170259316,0.025121410780716915,0.04926274865975519,-0.004322020170259316,0.01784095556417428,-0.395283630132209,7.351582435519731,0.01859418613879114,0.9999847412109375,0.0024610025199787483,0.22272963973822438,4.489679695913962,11.978455957992505
